,clade_name,Start,RCJ_plus_DSS,RCJ_plus_DSS,RCJ_plus_DSS,RCJ,RCJ,RCJ,RCJ_plus_DSS,RCJ,DSS,Control,DSS,DSS,DSS,Control,Control,Control
0,k__Bacteria,99.42336,99.86185,99.6951,98.8925,99.51907,98.77448,99.68009,97.03959,99.59588,98.36012,99.28293,84.8371,94.66055,99.94366,95.76869,95.7183,98.31652
1,k__Bacteria|p__Actinobacteria,1.03638,2.28472,0.37964,0.6721199999999999,2.84361,0.97788,1.68661,1.14194,2.31184,3.97985,0.47631,3.866530000000001,1.32168,0.58373,0.58906,1.21246,2.15037
2,k__Bacteria|p__Actinobacteria|c__Actinobacteria,0.97904,2.25615,0.37378,0.6384,2.84052,0.93733,1.6636,1.1060299999999998,2.2909599999999997,3.91038,0.38745,3.84735,1.24578,0.54448,0.5767,1.18812,2.1103400000000003
3,k__Bacteria|p__Actinobacteria|c__Actinobacteria|o__Bifidobacteriales,0.97904,2.25615,0.37378,0.6384,2.84052,0.93733,1.6636,1.1060299999999998,2.2909599999999997,3.91038,0.38745,3.84735,1.24578,0.54448,0.5767,1.18812,2.1103400000000003
4,k__Bacteria|p__Actinobacteria|c__Actinobacteria|o__Bifidobacteriales|f__Bifidobacteriaceae,0.97904,2.25615,0.37378,0.6384,2.84052,0.93733,1.6636,1.1060299999999998,2.2909599999999997,3.91038,0.38745,3.84735,1.24578,0.54448,0.5767,1.18812,2.1103400000000003
5,k__Bacteria|p__Actinobacteria|c__Actinobacteria|o__Bifidobacteriales|f__Bifidobacteriaceae|g__Bifidobacterium,0.97904,2.25615,0.37378,0.6384,2.84052,0.93733,1.6636,1.1060299999999998,2.2909599999999997,3.91038,0.38745,3.84735,1.24578,0.54448,0.5767,1.18812,2.1103400000000003
6,k__Bacteria|p__Actinobacteria|c__Actinobacteria|o__Bifidobacteriales|f__Bifidobacteriaceae|g__Bifidobacterium|s__Bifidobacterium_pseudolongum,0.97904,2.25615,0.37378,0.6384,2.84052,0.93733,1.6636,1.1060299999999998,2.2909599999999997,3.91038,0.38745,3.84735,1.24578,0.54448,0.5767,1.18812,2.1103400000000003
7,k__Bacteria|p__Actinobacteria|c__Coriobacteriia,0.05735,0.0285699999999999,0.00586,0.03372,0.00309,0.04055,0.02302,0.0359,0.02088,0.06947,0.08887,0.01918,0.0759,0.03925,0.01236,0.02434,0.04003
8,k__Bacteria|p__Actinobacteria|c__Coriobacteriia|o__Eggerthellales,0.05735,0.0285699999999999,0.00586,0.03372,0.00309,0.04055,0.02302,0.0359,0.02088,0.06947,0.08887,0.01918,0.0759,0.03925,0.01236,0.02434,0.04003
9,k__Bacteria|p__Actinobacteria|c__Coriobacteriia|o__Eggerthellales|f__Eggerthellaceae,0.05735,0.0285699999999999,0.00586,0.03372,0.00309,0.04055,0.02302,0.0359,0.02088,0.06947,0.08887,0.01918,0.0759,0.03925,0.01236,0.02434,0.04003
10,k__Bacteria|p__Actinobacteria|c__Coriobacteriia|o__Eggerthellales|f__Eggerthellaceae|g__Enterorhabdus,0.05735,0.0285699999999999,0.00586,0.03372,0.00309,0.04055,0.02302,0.0359,0.02088,0.06947,0.08887,0.01918,0.0759,0.03925,0.01236,0.02434,0.04003
11,k__Bacteria|p__Actinobacteria|c__Coriobacteriia|o__Eggerthellales|f__Eggerthellaceae|g__Enterorhabdus|s__Enterorhabdus_caecimuris,0.05735,0.0285699999999999,0.00586,0.03372,0.00309,0.04055,0.02302,0.0359,0.02088,0.06947,0.08887,0.01918,0.0759,0.03925,0.01236,0.02434,0.04003
12,k__Bacteria|p__Bacteroidetes,46.69764,25.53087,13.38971,39.4572,54.12655,41.90391,47.48256,29.73335,70.84839000000001,48.81411,38.95802,26.29538,59.59889,33.6774,24.97413,29.640929999999997,40.42906
13,k__Bacteria|p__Bacteroidetes|c__Bacteroidia,46.69764,25.53087,13.38971,39.4572,54.12655,41.90391,47.48256,29.73335,70.84839000000001,48.81411,38.95802,26.29538,59.59889,33.6774,24.97413,29.640929999999997,40.42906
14,k__Bacteria|p__Bacteroidetes|c__Bacteroidia|o__Bacteroidales,46.69764,25.53087,13.38971,39.4572,54.12655,41.90391,47.48256,29.73335,70.84839000000001,48.81411,38.95802,26.29538,59.59889,33.6774,24.97413,29.640929999999997,40.42906
15,k__Bacteria|p__Bacteroidetes|c__Bacteroidia|o__Bacteroidales|f__Bacteroidaceae,3.4784300000000004,8.07911,6.5304199999999994,6.58908,1.33535,1.79842,2.6621,23.37763,7.71358,21.95461,4.53619,10.40896,38.11578,13.47129,1.11659,1.37724,0.97554
16,k__Bacteria|p__Bacteroidetes|c__Bacteroidia|o__Bacteroidales|f__Bacteroidaceae|g__Bacteroides,3.4784300000000004,8.07911,6.5304199999999994,6.58908,1.33535,1.79842,2.6621,23.37763,7.71358,21.95461,4.53619,10.40896,38.11578,13.47129,1.11659,1.37724,0.97554
17,k__Bacteria|p__Bacteroidetes|c__Bacteroidia|o__Bacteroidales|f__Bacteroidaceae|g__Bacteroides|s__Bacteroides_caecimuris,1.43111,3.66192,5.18916,3.24949,0.8582,1.74847,1.56428,19.40799,2.8656599999999997,16.64773,2.2793400000000004,4.19147,33.54887,6.59881,1.01549,1.1224,0.53505
18,k__Bacteria|p__Bacteroidetes|c__Bacteroidia|o__Bacteroidales|f__Bacteroidaceae|g__Bacteroides|s__Bacteroides_faecichinchillae,0.01924,0.0,0.0,0.0,0.0312,0.04995,0.0316399999999999,0.0,0.13473,0.0,0.05611,0.0,0.0,0.0,0.00146,0.0031,0.02546
19,k__Bacteria|p__Bacteroidetes|c__Bacteroidia|o__Bacteroidales|f__Bacteroidaceae|g__Bacteroides|s__Bacteroides_sartorii,1.39012,4.3209800000000005,1.22181,2.91078,0.22499,0.0,1.00681,3.58025,2.81884,5.2157,1.10181,6.13112,4.2643,6.76215,0.09577,0.15692,0.41503
20,k__Bacteria|p__Bacteroidetes|c__Bacteroidia|o__Bacteroidales|f__Bacteroidaceae|g__Bacteroides|s__Bacteroides_uniformis,0.6199899999999999,0.05072,0.10488,0.40225,0.22095,0.0,0.05272,0.35393,1.8654,0.0194699999999999,1.0959299999999998,0.02131,0.2478699999999999,0.0313,0.00386,0.0912,0.0
21,k__Bacteria|p__Bacteroidetes|c__Bacteroidia|o__Bacteroidales|f__Bacteroidaceae|g__Bacteroides|s__Bacteroides_vulgatus,0.01797,0.04548,0.01456,0.02656,0.0,0.0,0.0066599999999999,0.03546,0.0289399999999999,0.0717,0.003,0.06506,0.05474,0.07902,0.0,0.00361,0.0
22,k__Bacteria|p__Bacteroidetes|c__Bacteroidia|o__Bacteroidales|f__Muribaculaceae,27.566540000000003,1.69117,2.24586,7.0643199999999995,28.34978,11.00682,25.254,1.14394,23.77843,1.7487400000000002,19.29102,0.5209600000000001,4.95805,8.94074,20.64486,23.40174,32.21691
23,k__Bacteria|p__Bacteroidetes|c__Bacteroidia|o__Bacteroidales|f__Muribaculaceae|g__Muribaculaceae_unclassified,14.67951,0.0,0.0,0.0,4.84397,7.008789999999999,5.03711,0.0,9.21052,0.0,11.1191,0.0,0.0,0.0,17.57411,14.92576,28.4201
24,k__Bacteria|p__Bacteroidetes|c__Bacteroidia|o__Bacteroidales|f__Muribaculaceae|g__Muribaculaceae_unclassified|s__Muribaculaceae_bacterium_DSM_103720,14.67951,0.0,0.0,0.0,4.84397,7.008789999999999,5.03711,0.0,9.21052,0.0,11.1191,0.0,0.0,0.0,17.57411,14.92576,28.4201
25,k__Bacteria|p__Bacteroidetes|c__Bacteroidia|o__Bacteroidales|f__Muribaculaceae|g__Muribaculum,12.88702,1.69117,2.24586,7.0643199999999995,23.50581,3.99803,20.2169,1.14394,14.56791,1.7487400000000002,8.17193,0.5209600000000001,4.95805,8.94074,3.07076,8.47599,3.79681
26,k__Bacteria|p__Bacteroidetes|c__Bacteroidia|o__Bacteroidales|f__Muribaculaceae|g__Muribaculum|s__Muribaculum_intestinale,12.88702,1.69117,2.24586,7.0643199999999995,23.50581,3.99803,20.2169,1.14394,14.56791,1.7487400000000002,8.17193,0.5209600000000001,4.95805,8.94074,3.07076,8.47599,3.79681
27,k__Bacteria|p__Bacteroidetes|c__Bacteroidia|o__Bacteroidales|f__Prevotellaceae,15.02817,13.85498,4.25575,25.29169,23.81171,28.82909,19.27504,4.3506599999999995,38.484559999999995,23.701,14.38648,14.64171,15.39006,7.811039999999999,3.09269,4.63816,7.002330000000001
28,k__Bacteria|p__Bacteroidetes|c__Bacteroidia|o__Bacteroidales|f__Prevotellaceae|g__Prevotella,15.02817,13.85498,4.25575,25.29169,23.81171,28.82909,19.27504,4.3506599999999995,38.484559999999995,23.701,14.38648,14.64171,15.39006,7.811039999999999,3.09269,4.63816,7.002330000000001
29,k__Bacteria|p__Bacteroidetes|c__Bacteroidia|o__Bacteroidales|f__Prevotellaceae|g__Prevotella|s__Prevotella_sp_MGM1,7.15955,10.24922,2.3915599999999997,4.82071,5.75864,11.77962,6.992380000000001,0.32268,10.58332,0.0,3.96652,0.0,3.08756,5.20606,1.53889,2.17541,5.42288
30,k__Bacteria|p__Bacteroidetes|c__Bacteroidia|o__Bacteroidales|f__Prevotellaceae|g__Prevotella|s__Prevotella_sp_MGM2,7.86862,3.60576,1.86418,20.470979999999997,18.05307,17.04947,12.28265,4.02798,27.90124,23.701,10.41996,14.64171,12.3025,2.60498,1.5538,2.46274,1.57946
31,k__Bacteria|p__Bacteroidetes|c__Bacteroidia|o__Bacteroidales|f__Rikenellaceae,0.05287,0.89066,0.15089,0.04498,0.05277,0.07465,0.0347,0.35201,0.02659,0.51852,0.00435,0.18844,0.8002600000000001,1.29038,0.0,0.0,0.0
32,k__Bacteria|p__Bacteroidetes|c__Bacteroidia|o__Bacteroidales|f__Rikenellaceae|g__Alistipes,0.05287,0.89066,0.15089,0.04498,0.05277,0.07465,0.0347,0.35201,0.02659,0.51852,0.00435,0.18844,0.8002600000000001,1.29038,0.0,0.0,0.0
33,k__Bacteria|p__Bacteroidetes|c__Bacteroidia|o__Bacteroidales|f__Rikenellaceae|g__Alistipes|s__Alistipes_indistinctus,0.0,0.0,0.0,0.0,0.0,0.0,0.0,0.0,0.0,0.2620099999999999,0.0,0.0,0.0,1.18542,0.0,0.0,0.0
34,k__Bacteria|p__Bacteroidetes|c__Bacteroidia|o__Bacteroidales|f__Rikenellaceae|g__Alistipes|s__Alistipes_timonensis,0.05287,0.89066,0.15089,0.04498,0.05277,0.07465,0.0347,0.35201,0.02659,0.25651,0.00435,0.18844,0.8002600000000001,0.10496,0.0,0.0,0.0
35,k__Bacteria|p__Bacteroidetes|c__Bacteroidia|o__Bacteroidales|f__Tannerellaceae,0.5716399999999999,1.01496,0.2068,0.46713,0.57694,0.19493,0.25672,0.5091100000000001,0.8452200000000001,0.89125,0.73997,0.5353100000000001,0.33474,2.16395,0.11999,0.22378,0.23428
36,k__Bacteria|p__Bacteroidetes|c__Bacteroidia|o__Bacteroidales|f__Tannerellaceae|g__Parabacteroides,0.5716399999999999,1.01496,0.2068,0.46713,0.57694,0.19493,0.25672,0.5091100000000001,0.8452200000000001,0.89125,0.73997,0.5353100000000001,0.33474,2.16395,0.11999,0.22378,0.23428
37,k__Bacteria|p__Bacteroidetes|c__Bacteroidia|o__Bacteroidales|f__Tannerellaceae|g__Parabacteroides|s__Parabacteroides_distasonis,0.5716399999999999,1.01496,0.2068,0.46713,0.57694,0.19493,0.25672,0.5091100000000001,0.8452200000000001,0.89125,0.73997,0.5353100000000001,0.33474,2.16395,0.11999,0.22378,0.23428
38,k__Bacteria|p__Deferribacteres,0.6755,1.21505,1.41005,3.10623,0.19712,1.7425700000000002,0.7943100000000001,0.5122800000000001,0.30628,0.08196,0.56224,1.17341,0.33259,0.60788,1.66727,0.3059699999999999,0.32876
39,k__Bacteria|p__Deferribacteres|c__Deferribacteres,0.6755,1.21505,1.41005,3.10623,0.19712,1.7425700000000002,0.7943100000000001,0.5122800000000001,0.30628,0.08196,0.56224,1.17341,0.33259,0.60788,1.66727,0.3059699999999999,0.32876
40,k__Bacteria|p__Deferribacteres|c__Deferribacteres|o__Deferribacterales,0.6755,1.21505,1.41005,3.10623,0.19712,1.7425700000000002,0.7943100000000001,0.5122800000000001,0.30628,0.08196,0.56224,1.17341,0.33259,0.60788,1.66727,0.3059699999999999,0.32876
41,k__Bacteria|p__Deferribacteres|c__Deferribacteres|o__Deferribacterales|f__Deferribacteraceae,0.6755,1.21505,1.41005,3.10623,0.19712,1.7425700000000002,0.7943100000000001,0.5122800000000001,0.30628,0.08196,0.56224,1.17341,0.33259,0.60788,1.66727,0.3059699999999999,0.32876
42,k__Bacteria|p__Deferribacteres|c__Deferribacteres|o__Deferribacterales|f__Deferribacteraceae|g__Mucispirillum,0.6755,1.21505,1.41005,3.10623,0.19712,1.7425700000000002,0.7943100000000001,0.5122800000000001,0.30628,0.08196,0.56224,1.17341,0.33259,0.60788,1.66727,0.3059699999999999,0.32876
43,k__Bacteria|p__Deferribacteres|c__Deferribacteres|o__Deferribacterales|f__Deferribacteraceae|g__Mucispirillum|s__Mucispirillum_schaedleri,0.6755,1.21505,1.41005,3.10623,0.19712,1.7425700000000002,0.7943100000000001,0.5122800000000001,0.30628,0.08196,0.56224,1.17341,0.33259,0.60788,1.66727,0.3059699999999999,0.32876
44,k__Bacteria|p__Firmicutes,5.2581,5.15998,4.851380000000001,5.2773699999999995,6.99211,5.24528,4.67371,7.185219999999999,5.69935,4.45447,5.253830000000001,7.21385,5.52259,1.5921299999999998,8.5643,9.06008,13.14696
45,k__Bacteria|p__Firmicutes|c__Bacilli,1.83779,0.36703,0.81663,2.78887,1.38762,2.01008,0.98391,2.37226,2.64967,2.69821,2.22307,0.4385699999999999,4.81789,0.49818,4.21165,6.2112,9.51645
46,k__Bacteria|p__Firmicutes|c__Bacilli|o__Lactobacillales,1.83779,0.36703,0.81663,2.78887,1.38762,2.01008,0.98391,2.37226,2.64967,2.69821,2.22307,0.4385699999999999,4.81789,0.49818,4.21165,6.2112,9.51645
47,k__Bacteria|p__Firmicutes|c__Bacilli|o__Lactobacillales|f__Enterococcaceae,0.0,0.0,0.0,0.0,0.0,0.0,0.0,0.0,0.0,0.0,0.0,0.0,0.00802,0.0,0.0,0.0,0.0
48,k__Bacteria|p__Firmicutes|c__Bacilli|o__Lactobacillales|f__Enterococcaceae|g__Enterococcus,0.0,0.0,0.0,0.0,0.0,0.0,0.0,0.0,0.0,0.0,0.0,0.0,0.00802,0.0,0.0,0.0,0.0
49,k__Bacteria|p__Firmicutes|c__Bacilli|o__Lactobacillales|f__Enterococcaceae|g__Enterococcus|s__Enterococcus_gallinarum,0.0,0.0,0.0,0.0,0.0,0.0,0.0,0.0,0.0,0.0,0.0,0.0,0.00802,0.0,0.0,0.0,0.0
50,k__Bacteria|p__Firmicutes|c__Bacilli|o__Lactobacillales|f__Lactobacillaceae,1.83779,0.36703,0.81663,2.78887,1.38762,2.01008,0.98391,2.37226,2.64967,2.69821,2.22307,0.4385699999999999,4.80987,0.49818,4.21165,6.2112,9.51645
51,k__Bacteria|p__Firmicutes|c__Bacilli|o__Lactobacillales|f__Lactobacillaceae|g__Lactobacillus,1.83779,0.36703,0.81663,2.78887,1.38762,2.01008,0.98391,2.37226,2.64967,2.69821,2.22307,0.4385699999999999,4.80987,0.49818,4.21165,6.2112,9.51645
52,k__Bacteria|p__Firmicutes|c__Bacilli|o__Lactobacillales|f__Lactobacillaceae|g__Lactobacillus|s__Lactobacillus_intestinalis,0.0,0.0,0.0,0.0,0.0,0.03173,0.0,0.0,0.0226099999999999,0.0,0.0396,0.0,0.0,0.0,0.25839,0.42616,0.8825700000000001
53,k__Bacteria|p__Firmicutes|c__Bacilli|o__Lactobacillales|f__Lactobacillaceae|g__Lactobacillus|s__Lactobacillus_johnsonii,1.08514,0.05142,0.57568,1.82133,1.03821,1.24069,0.36579,0.58277,1.72563,0.73868,1.21543,0.0,0.68278,0.0,1.64895,3.02385,4.88455
54,k__Bacteria|p__Firmicutes|c__Bacilli|o__Lactobacillales|f__Lactobacillaceae|g__Lactobacillus|s__Lactobacillus_murinus,0.65536,0.11191,0.03631,0.1192599999999999,0.14353,0.34251,0.51436,1.2019799999999998,0.62489,1.07401,0.4166899999999999,0.4385699999999999,3.5365300000000004,0.49818,0.75915,1.68422,1.74285
55,k__Bacteria|p__Firmicutes|c__Bacilli|o__Lactobacillales|f__Lactobacillaceae|g__Lactobacillus|s__Lactobacillus_reuteri,0.09729,0.20371,0.20464,0.8482799999999999,0.2058699999999999,0.39515,0.1037599999999999,0.5875199999999999,0.27655,0.8855200000000001,0.55135,0.0,0.5905600000000001,0.0,1.54515,1.07697,2.00648
56,k__Bacteria|p__Firmicutes|c__Clostridia,2.74724,1.28532,3.631769999999999,1.4812299999999998,5.500859999999999,2.60529,2.30823,3.61931,1.91491,1.30593,2.52293,6.20809,0.65883,0.9659,3.97242,2.65482,3.11245
57,k__Bacteria|p__Firmicutes|c__Clostridia|o__Clostridiales,2.74724,1.28532,3.631769999999999,1.4812299999999998,5.500859999999999,2.60529,2.30823,3.61931,1.91491,1.30593,2.52293,6.20809,0.65883,0.9659,3.97242,2.65482,3.11245
58,k__Bacteria|p__Firmicutes|c__Clostridia|o__Clostridiales|f__Clostridiaceae,0.01182,0.09566,0.21763,0.24139,0.02018,0.12357,0.0203199999999999,0.35076,0.0,0.16793,0.04492,0.46933,0.0,0.0,0.15984,0.10877,0.25924
59,k__Bacteria|p__Firmicutes|c__Clostridia|o__Clostridiales|f__Clostridiaceae|g__Clostridium,0.01182,0.09566,0.21763,0.24139,0.02018,0.12357,0.0203199999999999,0.35076,0.0,0.16793,0.04492,0.46933,0.0,0.0,0.15984,0.10877,0.25924
60,k__Bacteria|p__Firmicutes|c__Clostridia|o__Clostridiales|f__Clostridiaceae|g__Clostridium|s__Clostridium_sp_ASF502,0.01182,0.09566,0.21763,0.24139,0.02018,0.12357,0.0203199999999999,0.35076,0.0,0.16793,0.04492,0.46933,0.0,0.0,0.15984,0.10877,0.25924
61,k__Bacteria|p__Firmicutes|c__Clostridia|o__Clostridiales|f__Lachnospiraceae,2.0887599999999997,0.46107,2.62256,0.76994,4.99264,1.36216,1.99048,2.6804900000000003,1.61042,0.88433,1.79542,4.79159,0.1041,0.58708,2.29501,2.1421,0.8501799999999999
62,k__Bacteria|p__Firmicutes|c__Clostridia|o__Clostridiales|f__Lachnospiraceae|g__Acetatifactor,0.03308,0.21995,0.70649,0.36994,0.00851,0.04686,0.01815,0.2561199999999999,0.02244,0.02209,0.0056799999999999,0.2680599999999999,0.0458,0.00336,0.04645,0.0,0.01589
63,k__Bacteria|p__Firmicutes|c__Clostridia|o__Clostridiales|f__Lachnospiraceae|g__Acetatifactor|s__Acetatifactor_muris,0.03308,0.21995,0.70649,0.36994,0.00851,0.04686,0.01815,0.2561199999999999,0.02244,0.02209,0.0056799999999999,0.2680599999999999,0.0458,0.00336,0.04645,0.0,0.01589
64,k__Bacteria|p__Firmicutes|c__Clostridia|o__Clostridiales|f__Lachnospiraceae|g__Dorea,0.06419,0.02659,0.66474,0.13065,0.11519,0.0300199999999999,0.0300199999999999,0.01228,0.00403,0.0073599999999999,0.05113,0.00571,0.00151,0.01824,0.0264899999999999,0.07831,0.09925
65,k__Bacteria|p__Firmicutes|c__Clostridia|o__Clostridiales|f__Lachnospiraceae|g__Dorea|s__Dorea_sp_5_2,0.06419,0.02659,0.66474,0.13065,0.11519,0.0300199999999999,0.0300199999999999,0.01228,0.00403,0.0073599999999999,0.05113,0.00571,0.00151,0.01824,0.0264899999999999,0.07831,0.09925
66,k__Bacteria|p__Firmicutes|c__Clostridia|o__Clostridiales|f__Lachnospiraceae|g__Lachnospiraceae_unclassified,1.99149,0.21453,1.2513299999999998,0.26934,4.86894,1.28529,1.94232,2.41209,1.58395,0.8548899999999999,1.7386,4.51781,0.05679,0.5654899999999999,2.22207,2.06378,0.7350399999999999
67,k__Bacteria|p__Firmicutes|c__Clostridia|o__Clostridiales|f__Lachnospiraceae|g__Lachnospiraceae_unclassified|s__Lachnospiraceae_bacterium_10_1,0.19115,0.19395,0.21056,0.15708,0.0584,0.19119,0.0,0.20792,0.0508,0.03057,0.01043,0.14767,0.0,0.12103,0.0042,0.0,0.01249
68,k__Bacteria|p__Firmicutes|c__Clostridia|o__Clostridiales|f__Lachnospiraceae|g__Lachnospiraceae_unclassified|s__Lachnospiraceae_bacterium_28_4,0.47956,0.0205699999999999,1.0407799999999998,0.1122599999999999,0.13239,1.00496,0.90243,2.19267,0.36286,0.82431,1.28238,3.0943099999999997,0.05679,0.44445,0.43917,0.62136,0.26905
69,k__Bacteria|p__Firmicutes|c__Clostridia|o__Clostridiales|f__Lachnospiraceae|g__Lachnospiraceae_unclassified|s__Lachnospiraceae_bacterium_3_1,0.0064,0.0,0.0,0.0,0.0,0.00659,0.0,0.0,0.00286,0.0,0.0183699999999999,0.0,0.0,0.0,0.04639,0.00315,0.06545
70,k__Bacteria|p__Firmicutes|c__Clostridia|o__Clostridiales|f__Lachnospiraceae|g__Lachnospiraceae_unclassified|s__Lachnospiraceae_bacterium_3_2,0.01077,0.0,0.0,0.0,0.0,0.0,0.0,0.0,0.0,0.0,0.01223,0.0,0.0,0.0,0.04092,0.0,0.16591
71,k__Bacteria|p__Firmicutes|c__Clostridia|o__Clostridiales|f__Lachnospiraceae|g__Lachnospiraceae_unclassified|s__Lachnospiraceae_bacterium_A2,1.14374,0.0,0.0,0.0,4.66885,0.0,1.03989,0.0,0.09418,0.0,0.26144,0.0,0.0,0.0,0.15361,1.36887,0.0163199999999999
72,k__Bacteria|p__Firmicutes|c__Clostridia|o__Clostridiales|f__Lachnospiraceae|g__Lachnospiraceae_unclassified|s__Lachnospiraceae_bacterium_A4,0.07483,0.0,0.0,0.0,0.0,0.00399,0.0,0.0,0.0362399999999999,0.0,0.1249,0.0,0.0,0.0,0.0864299999999999,0.06854,0.16693
73,k__Bacteria|p__Firmicutes|c__Clostridia|o__Clostridiales|f__Lachnospiraceae|g__Lachnospiraceae_unclassified|s__Lachnospiraceae_bacterium_COE1,0.08504,0.0,0.0,0.0,0.00929,0.07855,0.0,0.0,1.03701,0.0,0.02885,1.27584,0.0,0.0,1.45135,0.00186,0.03889
74,k__Bacteria|p__Firmicutes|c__Clostridia|o__Clostridiales|f__Lachnospiraceae|g__Lachnospiraceae_unclassified|s__Lachnospiraceae_bacterium_M18_1,0.0,0.0,0.0,0.0,0.0,0.0,0.0,0.0115,0.0,0.0,0.0,0.0,0.0,0.0,0.0,0.0,0.0
75,k__Bacteria|p__Firmicutes|c__Clostridia|o__Clostridiales|f__Oscillospiraceae,0.04154,0.3207,0.47607,0.18971,0.07195,0.09462,0.02618,0.10475,0.02558,0.03802,0.07391,0.0,0.0176,0.14959,0.08336,0.01396,0.1761599999999999
76,k__Bacteria|p__Firmicutes|c__Clostridia|o__Clostridiales|f__Oscillospiraceae|g__Oscillibacter,0.04154,0.3207,0.47607,0.18971,0.07195,0.09462,0.02618,0.10475,0.02558,0.03802,0.07391,0.0,0.0176,0.14959,0.08336,0.01396,0.1761599999999999
77,k__Bacteria|p__Firmicutes|c__Clostridia|o__Clostridiales|f__Oscillospiraceae|g__Oscillibacter|s__Oscillibacter_sp_1_3,0.04154,0.3207,0.47607,0.18971,0.07195,0.09462,0.02618,0.10475,0.02558,0.03802,0.07391,0.0,0.0176,0.14959,0.08336,0.01396,0.1761599999999999
78,k__Bacteria|p__Firmicutes|c__Clostridia|o__Clostridiales|f__Peptostreptococcaceae,0.01045,0.10579,0.05911,0.10734,0.1216599999999999,0.01882,0.0535299999999999,0.29143,0.03157,0.17105,0.0,0.50818,0.06629,0.17017,0.0,0.01369,0.03092
79,k__Bacteria|p__Firmicutes|c__Clostridia|o__Clostridiales|f__Peptostreptococcaceae|g__Romboutsia,0.01045,0.10579,0.05911,0.10734,0.1216599999999999,0.01882,0.0535299999999999,0.29143,0.03157,0.17105,0.0,0.50818,0.06629,0.17017,0.0,0.01369,0.03092
80,k__Bacteria|p__Firmicutes|c__Clostridia|o__Clostridiales|f__Peptostreptococcaceae|g__Romboutsia|s__Romboutsia_ilealis,0.01045,0.10579,0.05911,0.10734,0.1216599999999999,0.01882,0.0535299999999999,0.29143,0.03157,0.17105,0.0,0.50818,0.06629,0.17017,0.0,0.01369,0.03092
81,k__Bacteria|p__Firmicutes|c__Clostridia|o__Clostridiales|f__Ruminococcaceae,0.59467,0.3021,0.25639,0.17285,0.29444,1.00612,0.2177199999999999,0.19189,0.24734,0.0446,0.60868,0.43899,0.47084,0.05906,1.43421,0.37632,1.79595
82,k__Bacteria|p__Firmicutes|c__Clostridia|o__Clostridiales|f__Ruminococcaceae|g__Acutalibacter,0.0652399999999999,0.00482,0.01768,0.06159,0.02266,0.21778,0.0925,0.00715,0.02546,0.00078,0.0,0.0,0.2237,0.0,0.03924,0.00606,0.03941
83,k__Bacteria|p__Firmicutes|c__Clostridia|o__Clostridiales|f__Ruminococcaceae|g__Acutalibacter|s__Acutalibacter_muris,0.0652399999999999,0.00482,0.01768,0.06159,0.02266,0.21778,0.0925,0.00715,0.02546,0.00078,0.0,0.0,0.2237,0.0,0.03924,0.00606,0.03941
84,k__Bacteria|p__Firmicutes|c__Clostridia|o__Clostridiales|f__Ruminococcaceae|g__Anaerotruncus,0.5294300000000001,0.29728,0.2387099999999999,0.11126,0.27178,0.7883399999999999,0.12522,0.18474,0.22188,0.04382,0.60868,0.43899,0.24715,0.05906,1.39497,0.37025,1.7565400000000002
85,k__Bacteria|p__Firmicutes|c__Clostridia|o__Clostridiales|f__Ruminococcaceae|g__Anaerotruncus|s__Anaerotruncus_sp_G3_2012,0.5294300000000001,0.29728,0.2387099999999999,0.11126,0.27178,0.7883399999999999,0.12522,0.18474,0.22188,0.04382,0.60868,0.43899,0.24715,0.05906,1.39497,0.37025,1.7565400000000002
86,k__Bacteria|p__Firmicutes|c__Erysipelotrichia,0.49111,3.19197,0.16492,0.95634,0.0251,0.32124,1.32958,1.09505,1.04782,0.3221699999999999,0.20099,0.02149,0.0,0.04326,0.0,0.0,0.0
87,k__Bacteria|p__Firmicutes|c__Erysipelotrichia|o__Erysipelotrichales,0.49111,3.19197,0.16492,0.95634,0.0251,0.32124,1.32958,1.09505,1.04782,0.3221699999999999,0.20099,0.02149,0.0,0.04326,0.0,0.0,0.0
88,k__Bacteria|p__Firmicutes|c__Erysipelotrichia|o__Erysipelotrichales|f__Erysipelotrichaceae,0.49111,3.19197,0.16492,0.95634,0.0251,0.32124,1.32958,1.09505,1.04782,0.3221699999999999,0.20099,0.02149,0.0,0.04326,0.0,0.0,0.0
89,k__Bacteria|p__Firmicutes|c__Erysipelotrichia|o__Erysipelotrichales|f__Erysipelotrichaceae|g__Faecalibaculum,0.49111,2.46199,0.16492,0.84024,0.0251,0.32124,0.61037,0.7353,1.02863,0.3221699999999999,0.20099,0.02149,0.0,0.04326,0.0,0.0,0.0
90,k__Bacteria|p__Firmicutes|c__Erysipelotrichia|o__Erysipelotrichales|f__Erysipelotrichaceae|g__Faecalibaculum|s__Faecalibaculum_rodentium,0.49111,2.46199,0.16492,0.84024,0.0251,0.32124,0.61037,0.7353,1.02863,0.3221699999999999,0.20099,0.02149,0.0,0.04326,0.0,0.0,0.0
91,k__Bacteria|p__Firmicutes|c__Erysipelotrichia|o__Erysipelotrichales|f__Erysipelotrichaceae|g__Ileibacterium,0.0,0.7299800000000001,0.0,0.11609,0.0,0.0,0.71921,0.35975,0.01919,0.0,0.0,0.0,0.0,0.0,0.0,0.0,0.0
92,k__Bacteria|p__Firmicutes|c__Erysipelotrichia|o__Erysipelotrichales|f__Erysipelotrichaceae|g__Ileibacterium|s__Ileibacterium_valens,0.0,0.7299800000000001,0.0,0.11609,0.0,0.0,0.71921,0.35975,0.01919,0.0,0.0,0.0,0.0,0.0,0.0,0.0,0.0
93,k__Bacteria|p__Firmicutes|c__Firmicutes_unclassified,0.18195,0.31566,0.23805,0.05094,0.07852,0.30867,0.0519899999999999,0.09859,0.08695,0.12815,0.30684,0.54571,0.04587,0.08479,0.38022,0.1940599999999999,0.5180600000000001
94,k__Bacteria|p__Firmicutes|c__Firmicutes_unclassified|o__Firmicutes_unclassified,0.18195,0.31566,0.23805,0.05094,0.07852,0.30867,0.0519899999999999,0.09859,0.08695,0.12815,0.30684,0.54571,0.04587,0.08479,0.38022,0.1940599999999999,0.5180600000000001
95,k__Bacteria|p__Firmicutes|c__Firmicutes_unclassified|o__Firmicutes_unclassified|f__Firmicutes_unclassified,0.18195,0.31566,0.23805,0.05094,0.07852,0.30867,0.0519899999999999,0.09859,0.08695,0.12815,0.30684,0.54571,0.04587,0.08479,0.38022,0.1940599999999999,0.5180600000000001
96,k__Bacteria|p__Firmicutes|c__Firmicutes_unclassified|o__Firmicutes_unclassified|f__Firmicutes_unclassified|g__Firmicutes_unclassified,0.18195,0.31566,0.23805,0.05094,0.07852,0.30867,0.0519899999999999,0.09859,0.08695,0.12815,0.30684,0.54571,0.04587,0.08479,0.38022,0.1940599999999999,0.5180600000000001
97,k__Bacteria|p__Firmicutes|c__Firmicutes_unclassified|o__Firmicutes_unclassified|f__Firmicutes_unclassified|g__Firmicutes_unclassified|s__Firmicutes_bacterium_ASF500,0.18195,0.31566,0.23805,0.05094,0.07852,0.30867,0.0519899999999999,0.09859,0.08695,0.12815,0.30684,0.54571,0.04587,0.08479,0.38022,0.1940599999999999,0.5180600000000001
98,k__Bacteria|p__Proteobacteria,45.75573,65.67123000000001,79.66431999999999,50.37958,35.35968,48.90485,45.0429,58.466809999999995,20.43003,41.02974,54.03253,46.28793,27.8848,63.482519999999994,59.97393,55.49885,42.26136
99,k__Bacteria|p__Proteobacteria|c__Betaproteobacteria,9.15396,26.97765,1.65429,6.86315,19.79404,7.79886,13.18521,10.0791,9.75841,13.44721,3.0721700000000003,6.74719,1.20987,6.01092,2.0556099999999997,7.1310899999999995,4.4191199999999995
100,k__Bacteria|p__Proteobacteria|c__Betaproteobacteria|o__Burkholderiales,9.15396,26.97765,1.65429,6.86315,19.79404,7.79886,13.18521,10.0791,9.75841,13.44721,3.0721700000000003,6.74719,1.20987,6.01092,2.0556099999999997,7.1310899999999995,4.4191199999999995
101,k__Bacteria|p__Proteobacteria|c__Betaproteobacteria|o__Burkholderiales|f__Sutterellaceae,9.15396,26.97765,1.65429,6.86315,19.79404,7.79886,13.18521,10.0791,9.75841,13.44721,3.0721700000000003,6.74719,1.20987,6.01092,2.0556099999999997,7.1310899999999995,4.4191199999999995
102,k__Bacteria|p__Proteobacteria|c__Betaproteobacteria|o__Burkholderiales|f__Sutterellaceae|g__Turicimonas,9.15396,26.97765,1.65429,6.86315,19.79404,7.79886,13.18521,10.0791,9.75841,13.44721,3.0721700000000003,6.74719,1.20987,6.01092,2.0556099999999997,7.1310899999999995,4.4191199999999995
103,k__Bacteria|p__Proteobacteria|c__Betaproteobacteria|o__Burkholderiales|f__Sutterellaceae|g__Turicimonas|s__Turicimonas_muris,9.15396,26.97765,1.65429,6.86315,19.79404,7.79886,13.18521,10.0791,9.75841,13.44721,3.0721700000000003,6.74719,1.20987,6.01092,2.0556099999999997,7.1310899999999995,4.4191199999999995
104,k__Bacteria|p__Proteobacteria|c__Deltaproteobacteria,0.0,0.00386,0.00093,0.00505,0.0,0.0,0.0,0.0,0.0,0.0,0.0,0.0,0.0,0.0,0.0,0.0,0.0
105,k__Bacteria|p__Proteobacteria|c__Deltaproteobacteria|o__Desulfovibrionales,0.0,0.00386,0.00093,0.00505,0.0,0.0,0.0,0.0,0.0,0.0,0.0,0.0,0.0,0.0,0.0,0.0,0.0
106,k__Bacteria|p__Proteobacteria|c__Deltaproteobacteria|o__Desulfovibrionales|f__Desulfovibrionaceae,0.0,0.00386,0.00093,0.00505,0.0,0.0,0.0,0.0,0.0,0.0,0.0,0.0,0.0,0.0,0.0,0.0,0.0
107,k__Bacteria|p__Proteobacteria|c__Deltaproteobacteria|o__Desulfovibrionales|f__Desulfovibrionaceae|g__Desulfovibrionaceae_unclassified,0.0,0.00386,0.00093,0.00505,0.0,0.0,0.0,0.0,0.0,0.0,0.0,0.0,0.0,0.0,0.0,0.0,0.0
108,k__Bacteria|p__Proteobacteria|c__Deltaproteobacteria|o__Desulfovibrionales|f__Desulfovibrionaceae|g__Desulfovibrionaceae_unclassified|s__Desulfovibrionaceae_bacterium,0.0,0.00386,0.00093,0.00505,0.0,0.0,0.0,0.0,0.0,0.0,0.0,0.0,0.0,0.0,0.0,0.0,0.0
109,k__Bacteria|p__Proteobacteria|c__Epsilonproteobacteria,36.60177,38.68973,78.0091,43.45221,15.56564,41.105990000000006,31.85769,48.16927,10.67162,26.19925,50.960370000000005,39.54074,14.665770000000002,56.87805,57.918319999999994,48.36776,37.84224
110,k__Bacteria|p__Proteobacteria|c__Epsilonproteobacteria|o__Campylobacterales,36.60177,38.68973,78.0091,43.45221,15.56564,41.105990000000006,31.85769,48.16927,10.67162,26.19925,50.960370000000005,39.54074,14.665770000000002,56.87805,57.918319999999994,48.36776,37.84224
111,k__Bacteria|p__Proteobacteria|c__Epsilonproteobacteria|o__Campylobacterales|f__Helicobacteraceae,36.60177,38.68973,78.0091,43.45221,15.56564,41.105990000000006,31.85769,48.16927,10.67162,26.19925,50.960370000000005,39.54074,14.665770000000002,56.87805,57.918319999999994,48.36776,37.84224
112,k__Bacteria|p__Proteobacteria|c__Epsilonproteobacteria|o__Campylobacterales|f__Helicobacteraceae|g__Helicobacter,36.60177,38.68973,78.0091,43.45221,15.56564,41.105990000000006,31.85769,48.16927,10.67162,26.19925,50.960370000000005,39.54074,14.665770000000002,56.87805,57.918319999999994,48.36776,37.84224
113,k__Bacteria|p__Proteobacteria|c__Epsilonproteobacteria|o__Campylobacterales|f__Helicobacteraceae|g__Helicobacter|s__Helicobacter_apodemus,0.56412,0.0,0.0,0.0,0.0,0.0,0.0,0.0,0.0,0.13842,0.0,0.0,0.0,15.710770000000002,0.0,0.0,0.0
114,k__Bacteria|p__Proteobacteria|c__Epsilonproteobacteria|o__Campylobacterales|f__Helicobacteraceae|g__Helicobacter|s__Helicobacter_ganmani,0.20419,0.0,16.9799,0.0,0.0,0.0,0.0,0.0,0.0,0.03034,0.0,1.24686,2.91473,0.0,0.0,0.0,0.0
115,k__Bacteria|p__Proteobacteria|c__Epsilonproteobacteria|o__Campylobacterales|f__Helicobacteraceae|g__Helicobacter|s__Helicobacter_hepaticus,1.52059,0.0,9.62195,4.53932,0.73095,0.52605,0.43106,0.34003,0.27276,1.20203,0.0,0.0,0.8473299999999999,2.50917,0.0,0.0,0.0
116,k__Bacteria|p__Proteobacteria|c__Epsilonproteobacteria|o__Campylobacterales|f__Helicobacteraceae|g__Helicobacter|s__Helicobacter_typhlonius,34.31288,38.68973,51.40726,38.9129,14.83469,40.57993,31.42663,47.829240000000006,10.39886,24.82845,50.960370000000005,38.29388,10.90371,38.65811,57.918319999999994,48.36776,37.84224
117,k__Bacteria|p__Proteobacteria|c__Gammaproteobacteria,0.0,0.0,0.0,0.05917,0.0,0.0,0.0,0.21843,0.0,1.3832799999999998,0.0,0.0,12.00916,0.59355,0.0,0.0,0.0
118,k__Bacteria|p__Proteobacteria|c__Gammaproteobacteria|o__Enterobacterales,0.0,0.0,0.0,0.05917,0.0,0.0,0.0,0.21843,0.0,1.3832799999999998,0.0,0.0,11.84043,0.59355,0.0,0.0,0.0
119,k__Bacteria|p__Proteobacteria|c__Gammaproteobacteria|o__Enterobacterales|f__Enterobacteriaceae,0.0,0.0,0.0,0.05917,0.0,0.0,0.0,0.21843,0.0,1.3832799999999998,0.0,0.0,11.84043,0.59355,0.0,0.0,0.0
120,k__Bacteria|p__Proteobacteria|c__Gammaproteobacteria|o__Enterobacterales|f__Enterobacteriaceae|g__Escherichia,0.0,0.0,0.0,0.05917,0.0,0.0,0.0,0.21843,0.0,1.3832799999999998,0.0,0.0,11.84043,0.59355,0.0,0.0,0.0
121,k__Bacteria|p__Proteobacteria|c__Gammaproteobacteria|o__Enterobacterales|f__Enterobacteriaceae|g__Escherichia|s__Escherichia_coli,0.0,0.0,0.0,0.05917,0.0,0.0,0.0,0.21843,0.0,1.3832799999999998,0.0,0.0,11.84043,0.59355,0.0,0.0,0.0
122,k__Bacteria|p__Proteobacteria|c__Gammaproteobacteria|o__Pasteurellales,0.0,0.0,0.0,0.0,0.0,0.0,0.0,0.0,0.0,0.0,0.0,0.0,0.16873,0.0,0.0,0.0,0.0
123,k__Bacteria|p__Proteobacteria|c__Gammaproteobacteria|o__Pasteurellales|f__Pasteurellaceae,0.0,0.0,0.0,0.0,0.0,0.0,0.0,0.0,0.0,0.0,0.0,0.0,0.16873,0.0,0.0,0.0,0.0
124,k__Bacteria|p__Proteobacteria|c__Gammaproteobacteria|o__Pasteurellales|f__Pasteurellaceae|g__Rodentibacter,0.0,0.0,0.0,0.0,0.0,0.0,0.0,0.0,0.0,0.0,0.0,0.0,0.16873,0.0,0.0,0.0,0.0
125,k__Bacteria|p__Proteobacteria|c__Gammaproteobacteria|o__Pasteurellales|f__Pasteurellaceae|g__Rodentibacter|s__Rodentibacter_heylii,0.0,0.0,0.0,0.0,0.0,0.0,0.0,0.0,0.0,0.0,0.0,0.0,0.16873,0.0,0.0,0.0,0.0
126,k__Viruses,0.5766399999999999,0.13815,0.3049,1.1075,0.48093,1.2255200000000002,0.3199099999999999,2.96041,0.40412,1.63988,0.71707,15.1629,5.33945,0.05634,4.23131,4.2817,1.68348
127,k__Viruses|p__Viruses_unclassified,0.5766399999999999,0.13815,0.3049,1.1075,0.48093,1.2255200000000002,0.3199099999999999,2.96041,0.40412,1.63988,0.71707,15.1629,5.33945,0.05634,4.23131,4.2817,1.68348
128,k__Viruses|p__Viruses_unclassified|c__Viruses_unclassified,0.5766399999999999,0.13815,0.3049,1.1075,0.48093,1.2255200000000002,0.3199099999999999,2.96041,0.40412,1.63988,0.71707,15.1629,5.33945,0.05634,4.23131,4.2817,1.68348
129,k__Viruses|p__Viruses_unclassified|c__Viruses_unclassified|o__Caudovirales|f__Caudovirales_unclassified,0.0,0.0602399999999999,0.0,0.0,0.0,0.0,0.0,0.0,0.069,0.0,0.0,0.0,0.0,0.0,0.0,0.0,0.0
130,k__Viruses|p__Viruses_unclassified|c__Viruses_unclassified|o__Caudovirales|f__Caudovirales_unclassified|g__Caudovirales_unclassified,0.0,0.0602399999999999,0.0,0.0,0.0,0.0,0.0,0.0,0.069,0.0,0.0,0.0,0.0,0.0,0.0,0.0,0.0
131,k__Viruses|p__Viruses_unclassified|c__Viruses_unclassified|o__Caudovirales|f__Caudovirales_unclassified|g__Caudovirales_unclassified|s__Enterobacteria_phage_P4,0.0,0.0602399999999999,0.0,0.0,0.0,0.0,0.0,0.0,0.069,0.0,0.0,0.0,0.0,0.0,0.0,0.0,0.0
132,k__Viruses|p__Viruses_unclassified|c__Viruses_unclassified|o__Caudovirales|f__Myoviridae|g__Myoviridae_unclassified,0.0,0.0,0.0,0.0,0.0,0.0,0.11549,0.0,0.0,0.20177,0.0,0.0,0.0,0.0,0.0,0.0,0.0
133,k__Viruses|p__Viruses_unclassified|c__Viruses_unclassified|o__Caudovirales|f__Myoviridae|g__Myoviridae_unclassified|s__Enterobacteria_phage_phiP27,0.0,0.0,0.0,0.0,0.0,0.0,0.11549,0.0,0.0,0.0,0.0,0.0,0.0,0.0,0.0,0.0,0.0
134,k__Viruses|p__Viruses_unclassified|c__Viruses_unclassified|o__Caudovirales|f__Myoviridae|g__Myoviridae_unclassified|s__Lactobacillus_prophage_Lj771,0.0,0.0,0.0,0.0,0.0,0.0,0.0,0.0,0.0,0.20177,0.0,0.0,0.0,0.0,0.0,0.0,0.0
135,k__Viruses|p__Viruses_unclassified|c__Viruses_unclassified|o__Caudovirales|f__Siphoviridae,0.0,0.0,0.01978,0.0,0.0,0.0,0.0,0.0,0.09122,0.0,0.0,0.0,0.0,0.0,0.0,0.0,0.0
136,k__Viruses|p__Viruses_unclassified|c__Viruses_unclassified|o__Caudovirales|f__Siphoviridae|g__Hk97virus,0.0,0.0,0.01978,0.0,0.0,0.0,0.0,0.0,0.01571,0.0,0.0,0.0,0.0,0.0,0.0,0.0,0.0
137,k__Viruses|p__Viruses_unclassified|c__Viruses_unclassified|o__Caudovirales|f__Siphoviridae|g__Hk97virus|s__Escherichia_virus_HK544,0.0,0.0,0.01978,0.0,0.0,0.0,0.0,0.0,0.01571,0.0,0.0,0.0,0.0,0.0,0.0,0.0,0.0
138,k__Viruses|p__Viruses_unclassified|c__Viruses_unclassified|o__Caudovirales|f__Siphoviridae|g__Siphoviridae_unclassified,0.0,0.0,0.0,0.0,0.0,0.0,0.0,0.0,0.07551,0.0,0.0,0.0,0.0,0.0,0.0,0.0,0.0
139,k__Viruses|p__Viruses_unclassified|c__Viruses_unclassified|o__Caudovirales|f__Siphoviridae|g__Siphoviridae_unclassified|s__Stx2_converting_phage_1717,0.0,0.0,0.0,0.0,0.0,0.0,0.0,0.0,0.07551,0.0,0.0,0.0,0.0,0.0,0.0,0.0,0.0
140,k__Viruses|p__Viruses_unclassified|c__Viruses_unclassified|o__Herpesvirales,0.0171699999999999,0.0,0.0,0.02315,0.0,0.08753,0.0,0.0852,0.03464,0.02778,0.03331,0.6985600000000001,0.20465,0.02986,0.2564099999999999,0.14482,0.07996
141,k__Viruses|p__Viruses_unclassified|c__Viruses_unclassified|o__Herpesvirales|f__Alloherpesviridae,0.0,0.0,0.0,0.0,0.0,0.02135,0.0,0.02779,0.0,0.0,0.0,0.08887,0.03985,0.0,0.0,0.01321,0.0
142,k__Viruses|p__Viruses_unclassified|c__Viruses_unclassified|o__Herpesvirales|f__Alloherpesviridae|g__Cyprinivirus,0.0,0.0,0.0,0.0,0.0,0.02135,0.0,0.02779,0.0,0.0,0.0,0.08887,0.03985,0.0,0.0,0.01321,0.0
143,k__Viruses|p__Viruses_unclassified|c__Viruses_unclassified|o__Herpesvirales|f__Alloherpesviridae|g__Cyprinivirus|s__Cyprinid_herpesvirus_3,0.0,0.0,0.0,0.0,0.0,0.02135,0.0,0.02779,0.0,0.0,0.0,0.08887,0.03985,0.0,0.0,0.01321,0.0
144,k__Viruses|p__Viruses_unclassified|c__Viruses_unclassified|o__Herpesvirales|f__Herpesviridae,0.0171699999999999,0.0,0.0,0.02315,0.0,0.0661799999999999,0.0,0.05741,0.03464,0.02778,0.03331,0.60968,0.1648,0.02986,0.2564099999999999,0.1316,0.07996
145,k__Viruses|p__Viruses_unclassified|c__Viruses_unclassified|o__Herpesvirales|f__Herpesviridae|g__Macavirus,0.0171699999999999,0.0,0.0,0.02315,0.0,0.0661799999999999,0.0,0.05741,0.01312,0.0,0.03331,0.45906,0.12409,0.02986,0.2564099999999999,0.1092099999999999,0.07996
146,k__Viruses|p__Viruses_unclassified|c__Viruses_unclassified|o__Herpesvirales|f__Herpesviridae|g__Macavirus|s__Alcelaphine_gammaherpesvirus_1,0.0171699999999999,0.0,0.0,0.02315,0.0,0.0661799999999999,0.0,0.05741,0.01312,0.0,0.03331,0.45906,0.12409,0.02986,0.2564099999999999,0.1092099999999999,0.07996
147,k__Viruses|p__Viruses_unclassified|c__Viruses_unclassified|o__Herpesvirales|f__Herpesviridae|g__Rhadinovirus,0.0,0.0,0.0,0.0,0.0,0.0,0.0,0.0,0.0215199999999999,0.02778,0.0,0.15063,0.04072,0.0,0.0,0.0224,0.0
148,k__Viruses|p__Viruses_unclassified|c__Viruses_unclassified|o__Herpesvirales|f__Herpesviridae|g__Rhadinovirus|s__Ateline_gammaherpesvirus_3,0.0,0.0,0.0,0.0,0.0,0.0,0.0,0.0,0.0215199999999999,0.02778,0.0,0.15063,0.04072,0.0,0.0,0.0224,0.0
149,k__Viruses|p__Viruses_unclassified|c__Viruses_unclassified|o__Ortervirales,0.54055,0.07791,0.28513,1.08435,0.48093,1.13799,0.20442,2.87521,0.20926,1.41033,0.59196,14.46434,5.07965,0.02648,3.9749,4.12184,1.56825
150,k__Viruses|p__Viruses_unclassified|c__Viruses_unclassified|o__Ortervirales|f__Retroviridae,0.54055,0.07791,0.28513,1.08435,0.48093,1.13799,0.20442,2.87521,0.20926,1.41033,0.59196,14.46434,5.07965,0.02648,3.9749,4.12184,1.56825
151,k__Viruses|p__Viruses_unclassified|c__Viruses_unclassified|o__Ortervirales|f__Retroviridae|g__Betaretrovirus,0.24123,0.03533,0.13906,0.35709,0.0,0.41584,0.09269,1.05767,0.06294,0.49335,0.1997799999999999,4.18541,1.66725,0.02648,1.13575,1.5300200000000002,0.43853
152,k__Viruses|p__Viruses_unclassified|c__Viruses_unclassified|o__Ortervirales|f__Retroviridae|g__Betaretrovirus|s__Mouse_mammary_tumor_virus,0.24123,0.03533,0.13906,0.35709,0.0,0.41584,0.09269,1.05767,0.06294,0.49335,0.1997799999999999,4.18541,1.66725,0.02648,1.13575,1.5300200000000002,0.43853
153,k__Viruses|p__Viruses_unclassified|c__Viruses_unclassified|o__Ortervirales|f__Retroviridae|g__Gammaretrovirus,0.29932,0.04258,0.14607,0.72726,0.45868,0.72215,0.11173,1.81754,0.14632,0.91698,0.39218,10.27893,3.4124,0.0,2.83915,2.59182,1.12973
154,k__Viruses|p__Viruses_unclassified|c__Viruses_unclassified|o__Ortervirales|f__Retroviridae|g__Gammaretrovirus|s__Abelson_murine_leukemia_virus,0.02274,0.0,0.04375,0.15336,0.03254,0.17535,0.0,0.15212,0.0,0.02243,0.0,0.42573,0.23015,0.0,0.20905,0.18085,0.02119
155,k__Viruses|p__Viruses_unclassified|c__Viruses_unclassified|o__Ortervirales|f__Retroviridae|g__Gammaretrovirus|s__Feline_leukemia_virus,0.0,0.0,0.0,0.0,0.0,0.0,0.0,0.0,0.0,0.0,0.0,0.06684,0.01807,0.0,0.01436,0.02981,0.01164
156,k__Viruses|p__Viruses_unclassified|c__Viruses_unclassified|o__Ortervirales|f__Retroviridae|g__Gammaretrovirus|s__Koala_retrovirus,0.0,0.0,0.0,0.0,0.0,0.0,0.0,0.0110599999999999,0.0,0.01305,0.0,0.0,0.0,0.0,0.0,0.01052,0.02465
157,k__Viruses|p__Viruses_unclassified|c__Viruses_unclassified|o__Ortervirales|f__Retroviridae|g__Gammaretrovirus|s__Murine_osteosarcoma_virus,0.27658,0.04258,0.10232,0.5739,0.4261399999999999,0.54681,0.11173,1.6543599999999998,0.14632,0.88149,0.39218,9.78636,3.16418,0.0,2.61574,2.37063,1.07224
158,k__Viruses|p__Viruses_unclassified|c__Viruses_unclassified|o__Ortervirales|f__Retroviridae|g__Lentivirus,0.0,0.0,0.0,0.0,0.02225,0.0,0.0,0.0,0.0,0.0,0.0,0.0,0.0,0.0,0.0,0.0,0.0
159,k__Viruses|p__Viruses_unclassified|c__Viruses_unclassified|o__Ortervirales|f__Retroviridae|g__Lentivirus|s__Human_immunodeficiency_virus_1,0.0,0.0,0.0,0.0,0.02225,0.0,0.0,0.0,0.0,0.0,0.0,0.0,0.0,0.0,0.0,0.0,0.0
160,k__Viruses|p__Viruses_unclassified|c__Viruses_unclassified|o__Viruses_unclassified,0.01893,0.0,0.0,0.0,0.0,0.0,0.0,0.0,0.0,0.0,0.09181,0.0,0.0551399999999999,0.0,0.0,0.01505,0.03526
161,k__Viruses|p__Viruses_unclassified|c__Viruses_unclassified|o__Viruses_unclassified|f__Baculoviridae,0.01893,0.0,0.0,0.0,0.0,0.0,0.0,0.0,0.0,0.0,0.09181,0.0,0.0,0.0,0.0,0.01505,0.03526
162,k__Viruses|p__Viruses_unclassified|c__Viruses_unclassified|o__Viruses_unclassified|f__Baculoviridae|g__Alphabaculovirus,0.01893,0.0,0.0,0.0,0.0,0.0,0.0,0.0,0.0,0.0,0.09181,0.0,0.0,0.0,0.0,0.01505,0.03526
163,k__Viruses|p__Viruses_unclassified|c__Viruses_unclassified|o__Viruses_unclassified|f__Baculoviridae|g__Alphabaculovirus|s__Chrysodeixis_chalcites_nucleopolyhedrovirus,0.01893,0.0,0.0,0.0,0.0,0.0,0.0,0.0,0.0,0.0,0.09181,0.0,0.0,0.0,0.0,0.01505,0.03526
164,k__Viruses|p__Viruses_unclassified|c__Viruses_unclassified|o__Viruses_unclassified|f__Viruses_unclassified,0.0,0.0,0.0,0.0,0.0,0.0,0.0,0.0,0.0,0.0,0.0,0.0,0.0551399999999999,0.0,0.0,0.0,0.0
165,k__Viruses|p__Viruses_unclassified|c__Viruses_unclassified|o__Viruses_unclassified|f__Viruses_unclassified|g__Viruses_unclassified,0.0,0.0,0.0,0.0,0.0,0.0,0.0,0.0,0.0,0.0,0.0,0.0,0.0551399999999999,0.0,0.0,0.0,0.0
166,k__Viruses|p__Viruses_unclassified|c__Viruses_unclassified|o__Viruses_unclassified|f__Viruses_unclassified|g__Viruses_unclassified|s__Phage_Gifsy_1,0.0,0.0,0.0,0.0,0.0,0.0,0.0,0.0,0.0,0.0,0.0,0.0,0.0551399999999999,0.0,0.0,0.0,0.0
